run,episode,reward,avg10_reward,steps,rooms,duration_s,train_steps,avg_loss,epsilon,buf_size
1,1,-1063.11,-1063.11,559,5,20.1,332,1.955007,0.050000,395
1,2,-1108.94,-1086.02,306,3,11.4,605,2.610882,0.050000,668
1,3,1010.81,-387.08,1953,3,139.0,2515,1.277769,0.050000,2578
1,4,-1520.59,-670.46,351,4,14.3,2703,1.612996,0.050000,2766
1,5,-1370.84,-810.53,313,3,11.7,2973,1.698386,0.050000,3036
1,6,-1229.04,-880.29,348,3,32.8,3208,2.131958,0.050000,3271
1,7,-972.20,-893.42,300,3,11.2,3477,2.415862,0.050000,3540
1,8,-744.22,-874.77,462,3,20.3,3892,2.454145,0.050000,3955
1,9,-1413.85,-934.66,537,4,19.8,4358,2.626301,0.050000,4421
1,10,-209.71,-862.17,939,4,32.9,5208,2.759368,0.050000,5271
1,11,270.71,-728.79,1250,7,44.5,6230,2.793350,0.050000,6293
1,12,-969.60,-714.85,395,3,14.4,6594,3.302661,0.050000,6657
1,13,-631.84,-879.12,1165,4,40.7,7661,3.056914,0.050000,7724
1,14,-1142.51,-841.31,762,5,27.6,8254,3.274844,0.050000,8317
1,15,-1018.91,-806.12,608,6,23.1,8598,3.491168,0.050000,8661
1,16,-729.79,-756.19,706,6,29.2,8941,3.596087,0.050000,9004
1,17,-1171.08,-776.08,458,3,16.5,9354,3.956255,0.050000,9417
1,18,-1604.80,-862.14,308,4,12.2,9591,3.764329,0.050000,9654
1,19,-250.14,-745.77,458,3,16.5,10006,3.892698,0.050000,10069
1,20,-267.19,-751.51,663,4,24.0,10571,3.776096,0.050000,10634
1,21,-979.62,-876.55,476,3,17.1,11000,3.842047,0.050000,11063
1,22,-463.89,-825.98,728,3,25.6,11685,4.117159,0.050000,11748
1,23,780.13,-684.78,2297,4,78.7,13870,3.482299,0.050000,13933
1,24,-282.11,-598.74,562,5,21.0,14278,3.678248,0.050000,14341
1,25,-186.72,-515.52,1137,4,39.5,15308,4.009201,0.050000,15371
1,26,-638.66,-506.41,846,4,30.1,15990,4.092992,0.050000,16053
1,27,-789.16,-468.22,1628,6,59.6,17359,3.830347,0.050000,17422
1,28,6172.82,309.55,6301,7,216.3,23455,3.262105,0.050000,23518
1,29,1504.75,485.04,2659,4,90.2,26033,3.528661,0.050000,26096
1,30,178.21,529.58,753,3,26.4,26753,3.385641,0.050000,26816
1,31,-1257.54,501.78,290,3,10.9,27000,3.435201,0.050000,27063
1,32,491.06,597.28,1189,3,40.9,28156,3.674552,0.050000,28219
1,33,-157.37,503.53,1016,5,35.7,29040,3.384378,0.050000,29103
1,34,-243.18,507.42,1026,5,36.7,29891,3.473408,0.050000,29954
1,35,-39.96,522.10,617,3,21.8,30479,3.332880,0.050000,30542
1,36,543.76,640.34,969,3,33.5,31405,3.831889,0.050000,31468
1,37,-611.11,658.14,1267,6,46.6,32208,3.643585,0.050000,32271
1,38,-1179.32,-77.07,548,4,19.8,32679,3.714452,0.050000,32742
1,39,-574.32,-284.98,657,6,24.4,33114,3.581991,0.050000,33177
1,40,-304.57,-333.25,501,3,17.9,33568,3.657916,0.050000,33631
1,41,497.71,-157.73,1238,3,42.5,34773,3.661268,0.050000,34836
1,42,1067.74,-100.06,1849,7,64.8,36283,3.435092,0.050000,36346
1,43,-349.17,-119.24,1043,6,36.9,37109,3.511496,0.050000,37172
1,44,-434.34,-138.36,1142,5,39.9,38088,3.766310,0.050000,38151
1,45,-1364.59,-270.82,219,3,8.6,38264,3.611361,0.050000,38327
1,46,-783.20,-403.52,552,3,19.6,38785,4.035048,0.050000,38848
1,47,420.00,-300.41,1263,4,43.6,39958,3.666816,0.050000,40021
1,48,-527.82,-235.26,677,5,27.5,40268,3.942938,0.050000,40331
1,49,-1005.74,-278.40,581,4,21.2,40776,3.604781,0.050000,40839
1,50,-700.97,-318.04,1063,7,42.0,41557,3.708156,0.050000,41620
1,51,2081.31,-159.68,2659,3,89.9,44168,3.660491,0.050000,44231
1,52,-512.20,-317.67,961,6,36.1,44853,3.910940,0.050000,44916
1,53,1049.53,-177.80,2335,5,79.7,47046,3.703789,0.050000,47109
1,54,-222.57,-156.63,606,3,21.5,47605,3.897428,0.050000,47668
1,55,-1089.84,-129.15,561,3,20.0,48123,3.859294,0.050000,48186
1,56,-1450.29,-195.86,435,3,15.8,48515,4.055628,0.050000,48578
1,57,615.60,-176.30,1611,4,55.6,50000,3.788353,0.050000,50000
1,58,-1291.64,-252.68,342,3,12.6,50299,3.855148,0.050000,50000
1,59,-1234.77,-275.58,407,3,14.8,50674,3.949413,0.050000,50000
1,60,592.27,-146.26,1022,7,39.1,50992,3.858119,0.050000,50000
1,61,611.86,-293.21,1672,7,61.6,52486,4.043738,0.050000,50000
1,62,950.85,-146.90,1793,5,61.7,54133,3.547075,0.050000,50000
1,63,-2.00,-252.05,980,6,34.9,54942,3.601896,0.050000,50000
1,64,-397.74,-269.57,393,3,14.3,55302,3.708480,0.050000,50000
1,65,349.66,-125.62,934,3,32.5,56193,3.553344,0.050000,50000
1,66,-381.59,-18.75,770,3,26.9,56930,3.519059,0.050000,50000
1,67,806.99,0.39,2374,6,87.8,58705,3.409595,0.050000,50000
1,68,-1204.16,9.14,707,4,25.1,59293,3.681699,0.050000,50000
1,69,72.37,139.85,1240,4,42.9,60433,3.550875,0.050000,50000
1,70,517.91,132.41,1250,5,43.6,61555,3.592542,0.050000,50000
1,71,-698.37,1.39,912,6,36.0,62030,3.553703,0.050000,50000
1,72,3273.34,233.64,2352,4,80.4,64223,3.602308,0.050000,50000
1,73,-592.71,174.57,426,5,19.2,64415,3.627758,0.050000,50000
1,74,-1360.14,78.33,307,3,11.5,64679,3.448086,0.050000,50000
1,75,-775.09,-34.15,295,4,11.7,64901,3.747913,0.050000,50000
1,76,-707.98,-66.78,524,3,18.8,65380,3.862876,0.050000,50000
1,77,848.94,-62.59,2034,6,70.0,67240,3.500236,0.050000,50000
1,78,108.81,68.71,1142,4,39.9,68284,3.363208,0.050000,50000
1,79,-176.44,43.83,1589,6,60.6,69375,3.604579,0.050000,50000
1,80,1438.29,135.86,1890,4,64.6,71186,3.612748,0.050000,50000
1,81,-907.61,114.94,534,5,20.0,71616,3.625340,0.050000,50000
1,82,1844.73,-27.92,2035,3,69.1,73619,3.616605,0.050000,50000
1,83,-932.70,-61.92,373,4,14.4,73892,3.892984,0.050000,50000
1,84,-1218.59,-47.76,389,3,14.8,74208,3.734214,0.050000,50000
1,85,-641.92,-34.45,826,3,28.8,74987,3.932225,0.050000,50000
1,86,-746.71,-38.32,275,4,11.0,74989,3.920257,0.050000,50000
1,87,-758.13,-199.03,484,3,17.3,75438,3.956169,0.050000,50000
1,88,147.76,-195.13,984,5,35.0,76269,4.044024,0.050000,50000
1,89,-389.97,-216.49,873,3,30.4,77095,3.904502,0.050000,50000
1,90,25.35,-357.78,967,4,33.8,77956,3.763970,0.050000,50000
1,91,-1440.04,-411.02,453,4,17.0,78301,4.388995,0.050000,50000
1,92,422.04,-553.29,1518,4,52.5,79595,3.981416,0.050000,50000
1,93,-732.80,-533.30,485,5,18.7,79909,3.850548,0.050000,50000
1,94,75.21,-403.92,935,5,33.0,80726,3.841746,0.050000,50000
1,95,-321.47,-371.88,564,5,21.0,81163,3.755647,0.050000,50000
1,96,-1303.69,-427.57,583,5,21.6,81588,4.107694,0.050000,50000
1,97,-127.24,-364.48,711,6,26.2,82081,4.121477,0.050000,50000
1,98,-1305.68,-509.83,394,4,15.0,82375,4.586782,0.050000,50000
1,99,-28.17,-473.65,1043,3,36.6,83336,3.977649,0.050000,50000
1,100,-151.56,-491.34,1961,6,75.4,84118,3.919276,0.050000,50000
1,101,-568.16,-404.15,717,3,25.1,84806,3.887264,0.050000,50000
1,102,12.58,-445.10,1479,6,52.1,86053,3.994660,0.050000,50000
1,103,1250.06,-246.81,3670,5,127.7,88780,3.875614,0.050000,50000
1,104,-378.00,-292.13,920,4,32.3,89604,3.767119,0.050000,50000
1,105,-699.58,-329.94,724,7,27.3,90083,3.985313,0.050000,50000
1,106,-1582.24,-357.80,314,3,11.7,90354,3.660405,0.050000,50000
1,107,4260.43,80.97,4227,2,142.2,94534,3.719235,0.050000,50000
1,108,-714.68,140.07,216,3,8.4,94536,3.749282,0.050000,50000
1,109,-310.50,111.84,1459,7,52.7,95639,3.757761,0.050000,50000
1,110,-592.97,67.69,919,3,32.0,96511,3.837276,0.050000,50000
1,111,-161.09,108.40,522,3,18.7,96990,3.580277,0.050000,50000
1,112,751.98,182.34,1402,4,48.3,98290,3.693846,0.050000,50000
1,113,-263.14,31.02,1188,4,41.2,99385,3.611563,0.050000,50000
1,114,-1411.19,-72.30,244,3,9.4,99596,3.148307,0.050000,50000
1,115,-1145.44,-116.88,800,7,31.4,100038,3.761040,0.050000,50000
1,116,-476.24,-6.28,269,3,10.2,100274,3.528813,0.050000,50000
1,117,774.57,-354.87,2792,8,107.2,101746,3.588996,0.050000,50000
1,118,152.73,-268.13,1969,7,71.0,103268,3.790654,0.050000,50000
1,119,-1532.44,-390.32,396,3,14.4,103631,3.874563,0.050000,50000
1,120,873.81,-243.64,1727,3,58.9,105325,3.776187,0.050000,50000
1,121,-1103.09,-337.84,422,3,15.4,105704,3.622094,0.050000,50000
1,122,-341.99,-447.24,667,5,24.8,106158,3.691704,0.050000,50000
1,123,-859.40,-506.87,598,3,21.2,106725,3.650244,0.050000,50000
1,124,-737.93,-439.54,714,4,25.7,107329,4.006054,0.050000,50000
1,125,-884.38,-413.44,282,3,10.7,107566,3.624927,0.050000,50000
1,126,-602.64,-426.08,732,2,25.7,108255,3.816362,0.050000,50000
1,127,-1452.32,-648.77,291,4,11.6,108474,3.877852,0.050000,50000
1,128,1029.16,-561.12,2519,10,91.5,110410,3.564194,0.050000,50000
1,129,-1199.88,-527.87,351,3,13.0,110731,3.850793,0.050000,50000
1,130,-103.50,-625.60,1629,6,57.5,111994,3.889730,0.050000,50000
1,131,-1363.10,-651.60,305,3,11.5,112268,3.956173,0.050000,50000
1,132,-214.74,-638.87,1843,8,72.8,113073,3.982652,0.050000,50000
1,133,-92.67,-562.20,613,3,21.7,113639,3.732206,0.050000,50000
1,134,-187.22,-507.13,765,3,26.7,114357,4.077208,0.050000,50000
1,135,1613.79,-257.31,2813,5,96.1,116936,3.857413,0.050000,50000
1,136,3165.76,119.53,3562,5,121.0,120355,3.684028,0.050000,50000
1,137,509.55,315.72,1175,4,40.7,121454,3.575479,0.050000,50000
1,138,-984.69,114.33,424,3,15.4,121835,3.403955,0.050000,50000
1,139,-344.95,199.82,596,4,21.8,122230,3.767143,0.050000,50000
1,140,-702.29,139.94,478,3,17.2,122665,3.678758,0.050000,50000
1,141,2368.05,513.06,3672,8,129.0,125941,3.690333,0.050000,50000
1,142,-82.88,526.24,1397,8,53.1,127008,3.423355,0.050000,50000
1,143,-492.35,486.28,755,4,26.7,127667,3.640555,0.050000,50000
1,144,40.09,509.01,1144,6,40.6,128602,3.654016,0.050000,50000
1,145,-73.96,340.23,568,3,20.1,129141,3.693137,0.050000,50000
1,146,58.32,29.49,1180,4,40.9,130231,3.265000,0.050000,50000
1,147,-946.78,-116.14,449,3,16.8,130580,3.650923,0.050000,50000
1,148,-1025.51,-120.23,830,5,29.9,131281,3.498799,0.050000,50000
1,149,1420.89,56.36,2592,5,88.6,133699,3.072559,0.050000,50000
1,150,497.53,176.34,824,4,29.1,134436,3.031389,0.050000,50000
1,151,-650.90,-125.56,891,4,31.6,135176,2.813764,0.050000,50000
1,152,-185.04,-135.77,742,5,27.2,135690,3.205772,0.050000,50000
1,153,-1048.70,-191.41,525,4,19.1,136124,3.229707,0.050000,50000
1,154,-863.79,-281.79,719,3,25.2,136810,3.268772,0.050000,50000
1,155,-49.71,-279.37,2471,7,96.2,137577,3.207761,0.050000,50000
1,156,-850.57,-370.26,657,3,23.2,138187,3.097340,0.050000,50000
1,157,-1104.38,-386.02,425,3,15.4,138567,3.148376,0.050000,50000
1,158,-560.47,-339.51,581,4,20.9,139081,3.220811,0.050000,50000
1,159,-181.28,-499.73,1152,5,40.3,140083,3.354006,0.050000,50000
1,160,507.10,-498.77,2566,8,92.1,142303,3.119469,0.050000,50000
1,161,-1043.90,-538.07,1281,6,52.1,142598,3.002481,0.050000,50000
1,162,984.31,-421.14,1382,5,48.6,143792,3.447447,0.050000,50000
1,163,3.75,-315.89,1343,5,47.0,144904,3.305177,0.050000,50000
1,164,850.54,-144.46,1243,5,44.0,145908,3.227052,0.050000,50000
1,165,-744.78,-213.97,1421,7,53.6,146574,3.147384,0.050000,50000
1,166,-737.09,-202.62,655,3,23.0,147186,3.209660,0.050000,50000
1,167,102.56,-81.93,1819,3,61.9,148957,3.227505,0.050000,50000
1,168,-466.42,-72.52,750,6,27.8,149495,3.090484,0.050000,50000
1,169,-115.74,-65.97,835,3,29.1,150287,3.087288,0.050000,50000
1,170,-698.62,-186.54,828,5,30.1,150948,2.900461,0.050000,50000
1,171,-887.54,-170.90,579,3,20.5,151484,2.763432,0.050000,50000
1,172,-747.03,-344.04,577,3,20.5,152016,2.971459,0.050000,50000
1,173,-48.41,-349.25,1574,10,62.2,152736,3.102119,0.050000,50000
1,174,-966.11,-530.92,359,3,13.2,153051,3.100053,0.050000,50000
1,175,-1183.72,-574.81,280,3,10.6,153299,3.289056,0.050000,50000
1,176,515.97,-449.51,1537,3,52.5,154791,2.948911,0.050000,50000
1,177,1112.26,-348.54,1523,6,53.6,155946,2.953295,0.050000,50000
1,178,120.56,-289.84,866,3,30.1,156779,2.889722,0.050000,50000
1,179,687.35,-209.53,1835,7,64.0,158378,2.892578,0.050000,50000
1,180,195.95,-120.07,833,5,30.0,159070,2.644886,0.050000,50000
1,181,-133.00,-44.62,782,4,27.6,159756,2.613246,0.050000,50000
1,182,-930.35,-62.95,523,6,20.0,160088,2.410333,0.050000,50000
1,183,655.33,7.42,1715,6,62.5,161601,2.720843,0.050000,50000
1,184,-308.19,73.22,924,6,33.4,162317,2.600641,0.050000,50000
1,185,-639.24,127.66,1130,7,40.8,163109,2.596472,0.050000,50000
1,186,-193.16,56.75,782,4,27.6,163802,2.843147,0.050000,50000
1,187,230.95,-31.38,1982,5,71.2,165403,2.924158,0.050000,50000
1,188,-839.99,-127.44,605,3,21.7,165895,2.729586,0.050000,50000
1,189,482.61,-147.91,1869,6,67.6,167576,2.846596,0.050000,50000
1,190,-495.38,-217.04,1118,4,39.2,168594,2.928504,0.050000,50000
1,191,764.83,-127.26,1706,5,59.4,170033,3.163524,0.050000,50000
1,192,294.65,-4.76,1698,5,59.4,171445,3.109542,0.050000,50000
1,193,-1209.24,-191.22,461,3,16.6,171863,3.161216,0.050000,50000
1,194,19.95,-158.40,1067,3,36.8,172919,3.191976,0.050000,50000
1,195,935.19,-0.96,1588,6,58.3,174318,3.037625,0.050000,50000
1,196,-812.86,-62.93,633,5,23.0,174787,3.093558,0.050000,50000
1,197,-559.97,-142.02,522,3,18.6,175262,3.515966,0.050000,50000
1,198,375.90,-20.43,990,4,34.5,176161,3.579993,0.050000,50000
1,199,-1133.21,-182.01,540,4,19.6,176557,3.470493,0.050000,50000
1,200,-899.50,-222.43,468,4,17.4,176929,3.417957,0.050000,50000
1,201,267.34,-272.17,2115,6,74.9,178660,3.653603,0.050000,50000
1,202,-1161.99,-417.84,361,3,13.3,178978,3.226858,0.050000,50000
1,203,-298.94,-326.81,697,3,24.5,179632,3.711061,0.050000,50000
1,204,-1318.60,-460.66,600,4,26.2,179866,3.525015,0.050000,50000
1,205,820.87,-472.10,2330,9,84.6,181641,3.661095,0.050000,50000
1,206,-1148.02,-505.61,342,3,12.6,181936,3.336119,0.050000,50000
1,207,-558.39,-505.45,486,3,17.4,182389,3.624806,0.050000,50000
1,208,66.04,-536.44,916,6,34.6,182986,3.310347,0.050000,50000
1,209,422.70,-380.85,1518,7,56.5,184183,3.513139,0.050000,50000
1,210,-182.09,-309.11,1068,3,36.8,185208,3.526346,0.050000,50000
1,211,-352.53,-371.09,1876,5,72.7,186214,3.329857,0.050000,50000
1,212,-746.51,-329.55,265,4,10.7,186216,3.334061,0.050000,50000
1,213,26.07,-297.05,541,3,19.2,186712,3.341983,0.050000,50000
1,214,-283.97,-193.58,1078,4,38.4,187578,3.647715,0.050000,50000
1,215,-551.03,-330.77,751,3,26.6,188229,3.583580,0.050000,50000
1,216,-956.04,-311.57,316,3,11.8,188512,3.680414,0.050000,50000
1,217,-819.97,-337.73,405,4,18.1,188795,3.260492,0.050000,50000
1,218,-491.00,-393.44,419,4,15.5,189123,3.459842,0.050000,50000
1,219,-983.69,-534.08,576,4,21.1,189626,3.645488,0.050000,50000
1,220,-1127.92,-628.66,751,4,27.2,190230,3.432874,0.050000,50000
1,221,-557.69,-649.17,500,3,17.9,190687,3.422702,0.050000,50000
1,222,951.55,-479.37,1590,3,54.3,192246,3.612782,0.050000,50000
1,223,1185.85,-363.39,1407,5,49.1,193472,3.676386,0.050000,50000
1,224,42.74,-330.72,1007,4,35.5,194365,3.349614,0.050000,50000
1,225,-1385.25,-414.14,529,3,18.9,194848,3.319364,0.050000,50000
1,226,1176.69,-200.87,2009,5,69.2,196693,3.383558,0.050000,50000
1,227,3515.70,232.70,3562,8,125.0,199919,3.422685,0.050000,50000
1,228,-282.01,253.60,1224,5,43.0,200984,3.731091,0.050000,50000
1,229,483.73,400.34,1053,5,40.1,201900,3.361490,0.050000,50000
1,230,630.71,576.20,1044,4,36.4,202881,3.387293,0.050000,50000
1,231,-176.89,614.28,488,3,17.5,203336,3.475167,0.050000,50000
1,232,-1100.99,409.03,279,3,10.5,203572,3.315179,0.050000,50000
1,233,-937.97,196.65,358,2,13.2,203883,3.555125,0.050000,50000
1,234,-1144.99,77.87,492,3,18.2,204267,3.062398,0.050000,50000
1,235,-351.14,181.28,844,4,29.7,205013,3.199589,0.050000,50000
1,236,-1362.40,-72.62,383,4,14.6,205325,3.373718,0.050000,50000
1,237,-748.72,-499.07,318,4,13.1,205327,3.353287,0.050000,50000
1,238,67.28,-464.14,691,4,24.6,205916,3.457691,0.050000,50000
1,239,-862.56,-598.77,733,5,26.6,206475,3.444663,0.050000,50000
1,240,-918.38,-753.68,628,5,23.1,206953,3.543838,0.050000,50000
1,241,751.61,-660.83,1664,4,57.4,208504,3.467170,0.050000,50000
1,242,-366.36,-587.36,832,6,30.2,209142,3.490569,0.050000,50000
1,243,-42.18,-497.78,1071,5,37.9,210073,3.586449,0.050000,50000
1,244,1364.89,-246.80,2990,9,112.5,212204,3.409628,0.050000,50000
1,245,1064.24,-105.26,1149,5,40.9,213144,3.330950,0.050000,50000
1,246,-109.46,20.04,1194,5,42.9,214089,3.395688,0.050000,50000
1,247,44.19,99.33,1013,4,35.3,214958,3.387718,0.050000,50000
1,248,-145.49,78.05,974,5,35.6,215415,3.313064,0.050000,50000
1,249,2228.17,387.12,3992,6,138.3,218877,3.199020,0.050000,50000
1,250,-539.72,424.99,977,6,35.4,219547,3.353155,0.050000,50000
1,251,1861.82,536.01,1973,3,67.3,221375,3.289763,0.050000,50000
1,252,-907.99,481.85,310,3,11.6,221652,3.212274,0.050000,50000
1,253,-391.75,446.89,813,3,28.7,222384,2.951783,0.050000,50000
1,254,-467.85,263.62,485,4,18.1,222798,3.156655,0.050000,50000
1,255,-323.38,124.85,828,5,30.4,223441,3.024535,0.050000,50000
1,256,-1099.64,25.84,575,3,20.5,223973,3.241207,0.050000,50000
1,257,597.19,81.14,3383,7,134.6,225722,3.285426,0.050000,50000
1,258,-511.71,44.51,599,5,22.2,226147,3.077128,0.050000,50000
1,259,319.69,-146.33,1437,6,50.4,227400,3.179989,0.050000,50000
1,260,967.56,4.39,2090,7,72.8,229287,2.951619,0.050000,50000
1,261,4.99,-181.29,2096,6,73.1,230884,3.051260,0.050000,50000
1,262,-940.90,-184.58,856,7,31.6,231419,3.107613,0.050000,50000
1,263,-826.97,-228.10,724,8,28.2,231781,3.204828,0.050000,50000
1,264,-944.00,-275.72,927,5,33.1,232567,2.891845,0.050000,50000
1,265,-1197.54,-363.13,460,4,17.2,232929,3.419791,0.050000,50000
1,266,-1307.27,-383.90,297,3,11.1,233179,3.272936,0.050000,50000
1,267,-1326.48,-576.26,384,3,14.0,233518,3.033880,0.050000,50000
1,268,2735.78,-251.51,3182,4,107.6,236613,3.174259,0.050000,50000
1,269,-930.01,-376.48,611,5,22.6,237105,3.050975,0.050000,50000
1,270,-1272.65,-600.50,379,5,14.8,237353,3.213324,0.050000,50000
1,271,668.91,-534.11,1116,6,39.7,238246,3.240986,0.050000,50000
1,272,-889.10,-528.93,1313,8,52.2,238913,3.402182,0.050000,50000
1,273,-379.53,-484.19,1252,5,44.3,239790,3.176998,0.050000,50000
1,274,-318.59,-421.65,559,4,20.5,240251,3.112273,0.050000,50000
1,275,-1020.37,-403.93,567,3,20.1,240771,3.084892,0.050000,50000
1,276,-1297.50,-402.95,293,3,11.1,241033,3.167757,0.050000,50000
1,277,-283.54,-298.66,755,3,26.4,241755,3.311756,0.050000,50000
1,278,52.40,-567.00,865,4,30.4,242544,2.914467,0.050000,50000
1,279,-1297.59,-603.76,407,3,14.8,242918,3.455774,0.050000,50000
1,280,170.85,-459.41,994,5,35.6,243666,3.205046,0.050000,50000
1,281,-865.75,-612.87,388,4,14.8,243968,3.411575,0.050000,50000
1,282,-286.33,-552.59,679,4,24.2,244462,3.159196,0.050000,50000
1,283,-812.69,-595.91,640,5,23.2,244964,3.235740,0.050000,50000
1,284,-919.28,-655.98,415,3,15.1,245334,3.264419,0.050000,50000
1,285,-482.15,-602.16,600,3,21.2,245888,3.477358,0.050000,50000
1,286,-205.36,-492.94,1170,6,41.2,246879,3.598522,0.050000,50000
1,287,2267.80,-237.81,3310,4,111.9,250083,3.831912,0.050000,50000
1,288,-25.21,-245.57,721,2,25.3,250760,3.583247,0.050000,50000
1,289,-1246.12,-240.42,332,3,12.3,251045,3.556628,0.050000,50000
1,290,-810.51,-338.56,696,4,24.7,251642,3.430619,0.050000,50000
1,291,193.84,-232.60,5238,11,200.9,253156,3.801892,0.050000,50000
1,292,867.36,-117.23,1688,3,57.5,254801,3.480207,0.050000,50000
1,293,-715.24,-107.49,612,6,23.2,255195,3.723270,0.050000,50000
1,294,1425.39,126.98,2557,5,87.4,257553,3.115359,0.050000,50000
1,295,-901.31,85.06,631,5,23.3,258075,3.256390,0.050000,50000
1,296,-208.59,84.74,632,4,22.6,258520,3.316755,0.050000,50000
1,297,762.42,-65.80,1813,8,66.7,259998,3.527779,0.050000,50000
1,298,238.85,-39.39,1862,5,64.6,261674,3.400318,0.050000,50000
1,299,-1273.08,-42.09,358,4,13.8,261932,3.289504,0.050000,50000
1,300,-252.48,13.72,1150,4,39.9,262977,3.361900,0.050000,50000
1,301,-1152.64,-120.93,431,5,19.4,263280,3.332607,0.050000,50000
1,302,668.18,-140.85,1850,7,65.1,264833,3.655736,0.050000,50000
1,303,-1015.68,-170.89,670,4,24.2,265403,3.690218,0.050000,50000
1,304,-645.26,-377.96,643,4,23.7,265922,3.561918,0.050000,50000
1,305,-831.58,-370.99,455,4,17.0,266277,3.703088,0.050000,50000
1,306,1841.06,-166.02,3524,7,126.6,269068,3.573889,0.050000,50000
1,307,-1011.57,-343.42,549,3,19.6,269570,3.405826,0.050000,50000
1,308,-1047.18,-472.02,482,3,17.9,269952,4.007359,0.050000,50000
1,309,-1.94,-344.91,1515,5,54.2,271179,3.457701,0.050000,50000
1,310,-1380.48,-457.71,454,4,17.3,271478,3.467124,0.050000,50000
1,311,-386.87,-381.13,609,5,22.8,271721,3.821046,0.050000,50000
1,312,-358.64,-483.81,825,4,29.0,272453,3.349715,0.050000,50000
1,313,-590.12,-441.26,688,5,25.2,272974,3.486564,0.050000,50000
1,314,-1428.59,-519.59,301,3,11.3,273232,3.359484,0.050000,50000
1,315,-1305.34,-566.97,313,3,12.0,273457,3.631219,0.050000,50000
1,316,-1378.44,-888.92,327,3,12.1,273751,3.530117,0.050000,50000
1,317,-212.99,-809.06,500,3,17.9,274208,3.807306,0.050000,50000
1,318,-969.53,-801.29,618,5,22.8,274696,3.795195,0.050000,50000
1,319,296.91,-771.41,1432,5,49.9,275990,3.619326,0.050000,50000
1,320,-6.84,-634.04,967,3,33.5,276924,3.845494,0.050000,50000
1,321,-408.79,-636.24,726,3,25.5,277617,3.812137,0.050000,50000
1,322,-592.48,-659.62,1026,6,36.8,278413,3.778491,0.050000,50000
1,323,-1065.52,-707.16,397,3,14.5,278763,3.469506,0.050000,50000
1,324,247.81,-539.52,510,3,18.2,279225,3.895168,0.050000,50000
1,325,1447.48,-264.24,1656,3,56.5,280844,3.826662,0.050000,50000
1,326,-1435.44,-269.94,336,3,12.4,281137,3.890746,0.050000,50000
1,327,-714.54,-320.09,848,4,29.8,281867,3.692389,0.050000,50000
1,328,179.57,-205.18,1782,6,61.6,283384,3.772164,0.050000,50000
1,329,-913.00,-326.18,685,4,24.7,283973,3.863552,0.050000,50000
1,330,-958.94,-421.39,476,4,17.5,284356,3.945498,0.050000,50000
1,331,-922.78,-472.78,579,4,21.1,284835,4.168373,0.050000,50000
1,332,819.90,-331.55,2377,7,86.7,286841,4.324890,0.050000,50000
1,333,1837.39,-41.26,2689,7,92.8,289216,4.060987,0.050000,50000
1,334,636.25,-2.41,1412,4,48.7,290537,4.359332,0.050000,50000
1,335,-775.02,-224.66,541,3,19.3,291031,4.038779,0.050000,50000
1,336,655.56,-15.56,2138,3,72.9,293096,3.815595,0.050000,50000
1,337,592.62,115.15,1162,4,40.3,294193,4.152843,0.050000,50000
1,338,-59.74,91.22,1363,5,47.9,295308,3.917925,0.050000,50000
1,339,-842.52,98.27,1078,6,40.4,295939,3.675371,0.050000,50000
1,340,-332.03,160.96,549,3,19.6,296453,3.839897,0.050000,50000
1,341,-613.82,191.86,425,4,15.7,296721,3.906677,0.050000,50000
1,342,-1258.67,-16.00,430,3,15.6,297104,3.860881,0.050000,50000
1,343,-1289.12,-328.65,352,5,13.9,297314,4.126574,0.050000,50000
1,344,1900.34,-202.24,3064,5,105.8,300129,3.688709,0.050000,50000
1,345,1357.25,10.99,2390,4,82.2,302343,3.502261,0.050000,50000
1,346,-1283.20,-182.89,385,3,14.7,302632,3.480889,0.050000,50000
1,347,-452.83,-287.43,835,5,30.6,303242,3.784481,0.050000,50000
1,348,-1370.74,-418.53,350,3,12.9,303549,3.902543,0.050000,50000
1,349,-768.04,-411.09,472,3,17.0,303978,3.879323,0.050000,50000
1,350,-942.64,-472.15,358,4,13.5,304243,3.872430,0.050000,50000
1,351,-1053.49,-516.11,531,3,18.9,304731,3.872012,0.050000,50000
1,352,-438.93,-434.14,294,3,11.0,304980,3.794304,0.050000,50000
1,353,751.83,-230.05,2381,7,82.5,306909,3.607142,0.050000,50000
1,354,-224.92,-442.57,990,4,34.5,307797,3.947540,0.050000,50000
1,355,-1244.02,-702.70,519,4,19.2,308219,3.864675,0.050000,50000
1,356,1.59,-574.22,1216,3,41.8,309391,3.734076,0.050000,50000
1,357,81.41,-520.79,294,3,11.0,309393,3.733266,0.050000,50000
1,358,-605.95,-444.32,563,4,20.6,309855,3.969748,0.050000,50000
1,359,-817.14,-449.23,373,3,13.7,310185,3.778733,0.050000,50000
1,360,-198.40,-374.80,1176,7,43.0,310990,4.246787,0.050000,50000
1,361,-606.74,-330.13,952,3,33.0,311909,3.717069,0.050000,50000
1,362,116.15,-274.62,969,3,33.6,312842,3.810733,0.050000,50000
1,363,1831.98,-166.60,2564,7,91.4,315189,3.848604,0.050000,50000
1,364,279.12,-116.20,902,3,31.3,316046,4.060118,0.050000,50000
1,365,-588.04,-50.60,911,5,32.2,316814,3.863253,0.050000,50000
1,366,-170.74,-67.83,1253,4,43.6,317994,3.967119,0.050000,50000
1,367,-697.21,-145.70,636,5,26.9,318466,4.027213,0.050000,50000
1,368,-214.74,-106.58,1243,5,43.3,319571,4.276980,0.050000,50000
1,369,-908.94,-115.76,262,3,10.0,319800,3.911331,0.050000,50000
1,370,-770.39,-172.95,591,3,21.3,320313,4.194950,0.050000,50000
1,371,-318.36,-144.12,1232,7,45.7,321086,4.184955,0.050000,50000
1,372,159.01,-139.83,2224,6,87.4,322427,4.182153,0.050000,50000
1,373,898.01,-233.23,2261,4,77.2,324525,3.927744,0.050000,50000
1,374,1755.09,-85.63,2203,9,80.3,326319,3.602825,0.050000,50000
1,375,563.94,29.57,1782,5,61.6,327967,3.574629,0.050000,50000
1,376,-196.15,27.03,1856,9,72.8,328712,3.501275,0.050000,50000
1,377,-787.88,17.96,487,5,18.1,329039,3.447494,0.050000,50000
1,378,-818.60,-42.43,669,5,24.5,329532,3.596770,0.050000,50000
1,379,-142.35,34.23,1270,3,43.6,330756,3.380786,0.050000,50000
1,380,-147.61,96.51,999,7,39.3,331506,3.205775,0.050000,50000
1,381,-1198.70,8.48,592,4,21.3,331997,3.070087,0.050000,50000
1,382,-955.17,-102.94,450,3,16.3,332400,3.487355,0.050000,50000
1,383,-1113.22,-304.07,418,3,15.1,332771,3.537848,0.050000,50000
1,384,-168.44,-496.42,706,3,24.8,333434,3.378474,0.050000,50000
1,385,-188.22,-571.63,1460,5,57.2,334382,3.282969,0.050000,50000
1,386,-395.22,-591.54,884,7,32.3,335054,3.287133,0.050000,50000
1,387,-691.12,-581.86,745,3,26.1,335752,3.412922,0.050000,50000
1,388,-397.81,-539.79,501,3,18.3,336164,3.579928,0.050000,50000
1,389,-496.71,-575.22,692,5,25.2,336672,3.316019,0.050000,50000
1,390,1048.80,-455.58,2401,6,82.5,338852,3.665694,0.050000,50000
1,391,-899.89,-425.70,677,4,24.1,339436,3.438658,0.050000,50000
1,392,267.41,-303.44,1919,10,73.4,340617,3.790821,0.050000,50000
1,393,112.95,-180.83,871,6,31.9,341202,4.063085,0.050000,50000
1,394,-612.01,-225.18,567,3,20.2,341740,3.739958,0.050000,50000
1,395,-1001.92,-306.55,384,4,14.4,342047,3.637117,0.050000,50000
1,396,464.61,-220.57,1288,4,44.5,343237,3.816117,0.050000,50000
1,397,-814.20,-232.88,1127,4,40.1,344078,3.716660,0.050000,50000
1,398,-882.08,-281.30,457,3,16.5,344490,4.045985,0.050000,50000
1,399,73.04,-224.33,1755,7,64.4,346041,3.784788,0.050000,50000
1,400,1233.62,-205.85,1794,4,61.4,347730,3.755078,0.050000,50000
1,401,-359.59,-151.82,867,5,31.1,348474,3.881668,0.050000,50000
1,402,-254.74,-204.03,463,3,16.7,348894,3.839928,0.050000,50000
1,403,-1221.42,-337.47,333,2,12.3,349180,4.183182,0.050000,50000
1,404,1374.47,-138.82,2028,3,69.5,351043,3.803533,0.050000,50000
1,405,-795.00,-118.13,488,4,18.1,351435,4.024668,0.050000,50000
1,406,896.24,-74.97,1943,5,67.0,353249,3.846652,0.050000,50000
1,407,-850.06,-78.55,501,4,18.3,353661,4.096889,0.050000,50000
1,408,383.96,48.05,786,3,27.5,354414,4.008024,0.050000,50000
1,409,-306.45,10.10,816,5,32.2,355059,3.922187,0.050000,50000
1,410,829.22,-30.34,2195,5,75.0,357109,3.984878,0.050000,50000
1,411,68.43,12.46,517,3,18.5,357579,3.659266,0.050000,50000
1,412,-1061.04,-68.17,286,2,10.8,357822,4.097205,0.050000,50000
1,413,302.95,84.27,1368,3,47.5,359079,3.762886,0.050000,50000
1,414,-745.79,-127.75,361,2,13.3,359397,4.051777,0.050000,50000
1,415,221.05,-26.15,1902,7,66.8,361023,3.699604,0.050000,50000
1,416,-398.55,-155.63,834,4,29.4,361761,3.779165,0.050000,50000
1,417,-1431.96,-213.82,418,2,15.2,362150,3.856818,0.050000,50000
1,418,134.29,-238.78,713,3,25.1,362819,3.797718,0.050000,50000
1,419,-612.30,-269.37,1800,6,73.9,363253,3.846792,0.050000,50000
1,420,-1138.32,-466.12,472,3,16.9,363678,3.702983,0.050000,50000
1,421,-930.14,-565.98,631,5,23.5,364116,4.067032,0.050000,50000
1,422,-316.47,-491.52,1436,7,53.8,365255,4.040464,0.050000,50000
1,423,-619.69,-583.79,511,3,18.3,365723,4.152534,0.050000,50000
1,424,-1275.54,-636.76,479,3,17.2,366169,3.744347,0.050000,50000
1,425,-1028.08,-761.68,477,3,17.2,366616,4.306365,0.050000,50000
1,426,138.87,-707.93,1174,3,40.4,367745,3.807997,0.050000,50000
1,427,5381.60,-26.58,6236,3,209.1,373950,5.405816,0.050000,50000
1,428,-512.01,-91.21,1676,9,63.4,375112,5.828805,0.050000,50000
1,429,-772.93,-107.27,217,3,8.5,375284,5.642857,0.050000,50000
1,430,-756.26,-69.06,331,5,13.2,375452,5.599041,0.050000,50000
1,431,-1363.88,-112.44,315,3,11.7,375722,5.683987,0.050000,50000
1,432,-1011.39,-181.93,496,3,17.8,376175,6.075499,0.050000,50000
1,433,34.29,-116.53,1214,6,43.3,377100,5.851966,0.050000,50000
1,434,-711.53,-60.13,672,6,28.0,377577,5.990527,0.050000,50000
1,435,1.69,42.85,1366,8,50.2,378534,5.664845,0.050000,50000
1,436,-1079.77,-79.02,662,5,24.5,378959,6.249070,0.050000,50000
1,437,-1086.60,-725.84,744,5,27.3,379402,6.172621,0.050000,50000
1,438,418.41,-632.80,1426,5,49.5,380596,6.668001,0.050000,50000
1,439,-590.45,-614.55,281,3,10.6,380846,6.267788,0.050000,50000
1,440,-11.21,-540.04,938,4,32.9,381670,6.219559,0.050000,50000
1,441,-884.14,-492.07,493,3,17.7,382120,6.244530,0.050000,50000
1,442,-398.25,-430.76,954,7,35.0,382758,6.141776,0.050000,50000
1,443,-635.60,-497.74,887,4,31.1,383574,6.255054,0.050000,50000
1,444,-378.77,-464.47,574,3,20.4,384101,6.162605,0.050000,50000
1,445,382.16,-426.42,1295,5,45.7,385228,6.344586,0.050000,50000
1,446,76.75,-310.77,1259,5,43.8,386376,6.447129,0.050000,50000
1,447,-206.40,-222.75,1158,5,41.1,387313,5.991932,0.050000,50000
1,448,-1325.39,-397.13,341,2,12.7,387621,6.484895,0.050000,50000
1,449,299.50,-308.13,1501,8,54.1,388756,6.702530,0.050000,50000
1,450,-1201.64,-427.18,423,4,16.0,389096,6.422743,0.050000,50000
1,451,-1439.02,-482.67,287,2,10.8,389336,5.984474,0.050000,50000
1,452,2631.51,-179.69,3408,8,117.1,392386,6.525019,0.050000,50000
1,453,-1062.46,-222.38,426,3,15.4,392783,6.710000,0.050000,50000
1,454,-243.41,-208.84,895,7,35.8,393414,6.850313,0.050000,50000
1,455,-602.51,-307.31,673,5,24.7,393943,6.397123,0.050000,50000
1,456,-830.49,-398.03,506,3,18.1,394406,6.240829,0.050000,50000
1,457,-794.64,-456.86,314,3,11.8,394687,6.562481,0.050000,50000
1,458,-829.34,-407.25,283,3,10.7,394937,6.428853,0.050000,50000
1,459,-1193.82,-556.58,320,3,11.9,395210,7.364502,0.050000,50000
1,460,-1168.82,-553.30,324,3,12.0,395487,6.883025,0.050000,50000
1,461,189.95,-390.40,1340,8,51.5,396486,6.855421,0.050000,50000
1,462,855.80,-567.97,2070,5,71.5,398315,7.309876,0.050000,50000
1,463,1024.37,-359.29,2218,6,76.8,400253,7.338571,0.050000,50000
1,464,-1256.74,-460.62,440,3,15.9,400650,7.007067,0.050000,50000
1,465,1617.33,-238.64,7200,9,300.0,401909,6.810875,0.050000,50000
1,466,-1316.31,-287.22,443,3,16.0,402303,7.787219,0.050000,50000
1,467,-472.99,-255.06,568,3,20.2,402828,7.479047,0.050000,50000
1,468,-356.23,-207.75,1251,7,47.6,403784,7.174168,0.050000,50000
1,469,-78.97,-96.26,1128,4,39.5,404830,7.413811,0.050000,50000
1,470,-1067.86,-86.16,921,7,37.6,405232,7.329187,0.050000,50000
1,471,-1347.92,-239.95,345,3,12.7,405530,7.474340,0.050000,50000
1,472,-1111.31,-436.66,529,5,20.1,405920,7.807958,0.050000,50000
1,473,-58.60,-544.96,1083,5,41.1,406852,7.885177,0.050000,50000
1,474,-579.56,-477.24,902,5,32.3,407605,7.793623,0.050000,50000
1,475,-1132.87,-752.26,325,3,12.1,407883,8.366448,0.050000,50000
1,476,-368.52,-657.48,1002,4,34.9,408783,7.422405,0.050000,50000
1,477,-297.31,-639.91,772,7,30.2,409181,8.126693,0.050000,50000
1,478,-289.36,-633.23,3150,6,129.8,410092,7.663805,0.050000,50000
1,479,-1496.67,-775.00,455,5,17.7,410355,8.087709,0.050000,50000
1,480,-990.37,-767.25,3146,7,133.5,411014,8.216949,0.050000,50000
1,481,-749.42,-707.40,742,6,27.2,411579,8.572548,0.050000,50000
1,482,1378.21,-458.45,2067,5,70.8,413483,8.827726,0.050000,50000
1,483,-34.09,-456.00,1036,5,36.8,414316,8.478744,0.050000,50000
1,484,-892.82,-487.32,382,3,14.0,414651,9.021520,0.050000,50000
1,485,754.46,-298.59,1917,4,68.4,416215,8.528629,0.050000,50000
1,486,-152.18,-276.96,1004,3,34.7,417174,8.625230,0.050000,50000
1,487,-1270.49,-374.27,432,4,16.3,417508,8.931910,0.050000,50000
1,488,-1128.48,-458.19,394,3,14.4,417857,9.046915,0.050000,50000
1,489,-570.24,-365.54,665,4,24.0,418449,8.534832,0.050000,50000
1,490,1712.63,-95.24,1458,7,51.5,419595,7.026445,0.050000,50000
1,491,-1178.18,-138.12,456,4,17.1,419951,7.450662,0.050000,50000
1,492,-1102.51,-386.19,423,4,15.6,420285,7.495410,0.050000,50000
1,493,-1238.20,-506.60,442,3,16.0,420696,7.203148,0.050000,50000
1,494,-712.83,-488.60,387,4,14.8,420973,6.832941,0.050000,50000
1,495,-615.22,-625.57,1016,3,35.1,421942,6.066892,0.050000,50000
1,496,-217.57,-632.11,1145,5,40.7,422810,5.724372,0.050000,50000
1,497,705.06,-434.55,1355,5,48.0,423903,4.964115,0.050000,50000
1,498,-214.53,-343.16,1363,7,50.7,424821,5.082765,0.050000,50000
1,499,-766.19,-362.75,2905,6,117.1,425473,5.139572,0.050000,50000
1,500,3712.32,-162.79,4656,7,161.1,429809,4.457889,0.050000,50000
1,501,-622.66,-107.23,1004,6,36.9,430524,5.009367,0.050000,50000
1,502,4650.96,468.11,4956,8,171.8,435182,4.581712,0.050000,50000
1,503,-1159.23,476.01,336,3,12.5,435508,4.453952,0.050000,50000
1,504,-354.58,511.84,959,4,33.6,436357,4.422268,0.050000,50000
1,505,626.37,636.00,922,6,32.9,437044,4.556450,0.050000,50000
1,506,-868.95,570.86,479,4,17.5,437432,4.791749,0.050000,50000
1,507,-866.99,413.65,463,4,17.3,437822,4.570444,0.050000,50000
1,508,-520.86,383.02,866,4,31.4,438519,4.882600,0.050000,50000
1,509,485.78,508.22,1275,3,44.4,439692,4.827773,0.050000,50000
1,510,-885.99,48.39,355,3,13.1,440004,4.796224,0.050000,50000
1,511,-1155.99,-4.95,500,5,19.1,440351,4.982768,0.050000,50000
1,512,-917.64,-561.81,478,3,17.2,440786,4.923968,0.050000,50000
1,513,-902.91,-536.18,484,4,17.7,441176,5.060014,0.050000,50000
1,514,-1271.24,-627.84,282,3,10.7,441415,5.069252,0.050000,50000
1,515,-490.90,-739.57,710,4,25.2,442034,5.624077,0.050000,50000
1,516,-778.74,-730.55,429,3,15.5,442420,5.111672,0.050000,50000
1,517,-655.92,-709.44,265,3,10.1,442638,5.428833,0.050000,50000
1,518,827.62,-574.59,1376,3,47.2,443969,5.551164,0.050000,50000
1,519,1079.57,-515.21,1344,3,46.7,445208,5.376440,0.050000,50000
1,520,-1395.99,-566.21,303,3,11.4,445468,5.663204,0.050000,50000
1,521,-747.19,-525.33,470,3,16.9,445895,5.488218,0.050000,50000
1,522,70.86,-426.48,820,3,28.6,446672,5.326376,0.050000,50000
1,523,1515.06,-184.69,2446,6,88.6,448325,5.830436,0.050000,50000
1,524,-615.82,-119.15,459,3,16.6,448737,5.629395,0.050000,50000
1,525,-571.29,-127.18,639,3,22.6,449343,5.673193,0.050000,50000
1,526,-223.52,-71.66,1024,3,35.4,450320,5.778359,0.050000,50000
1,527,-702.01,-76.27,808,5,30.1,450939,5.693140,0.050000,50000
1,528,-817.96,-240.83,569,5,21.5,451314,5.555815,0.050000,50000
1,529,401.52,-308.63,1672,4,57.3,452896,6.528605,0.050000,50000
1,530,-993.32,-268.37,768,4,27.2,453567,6.715068,0.050000,50000
1,531,2081.92,14.54,5787,6,231.9,456014,6.330671,0.050000,50000
1,532,-891.27,-81.67,310,3,11.6,456277,6.649820,0.050000,50000
1,533,429.49,-190.23,2148,6,74.4,458101,5.968439,0.050000,50000
1,534,-1343.77,-263.02,381,3,14.0,458435,6.169823,0.050000,50000
1,535,-1353.33,-341.22,304,2,11.4,458694,5.909592,0.050000,50000
1,536,-1025.25,-421.40,369,3,13.5,459032,6.422128,0.050000,50000
1,537,-378.63,-389.06,384,3,14.4,459371,6.671777,0.050000,50000
2,1,1727.00,1727.00,2100,3,70.3,461490,4.881286,0.050000,2074
